{
    "BraTS-PED":{
        "nnUNetv2": 0.330839468,
        "MedNeXt": 0.338249355,
        "SwinUNETR": 0.330911177
    }
}